Year,"Atlanta, GA","Baltimore, MD","Birmingham, AL","Boston, MA","Chicago, IL","Cincinnati, OH","Cleveland, OH","Dallas, TX","Denver, CO","Detroit, MI","Kansas City, MO","Los Angeles, CA","Minneapolis, MN","New Orleans, LA","New York, NY","Philadelphia, PA","Pittsburgh, PA","San Francisco, CA","Seattle, WA","St.Louis, MO"
1978,2172.6,2396.39,2283.3,2772.83,2981.85,3088.21,3267.97,2082.95,2564.77,3223.97,3039.64,3421.25,2902.6,2346.65,3325.43,2839.24,2945.44,3412.2,3197.0,3105.71
1979,2358.43,2719.34,2431.67,3096.16,3266.78,3349.05,3565.5,2427.24,2739.14,3492.04,3256.47,3638.81,3154.37,2693.75,3580.5,3183.93,3180.57,3806.14,3497.64,3344.2
1980,2535.72,2904.39,2558.45,3173.98,3497.25,3609.93,3860.76,2683.34,2947.14,3798.23,3551.83,4102.37,3238.86,2792.99,3774.64,3233.59,3383.37,4371.96,3909.16,3578.4
1981,2801.31,3060.78,2768.12,3659.88,3749.45,4045.44,4379.04,2975.25,3200.57,4138.17,3838.22,4530.96,3612.6,3087.99,4125.68,3603.48,3653.46,4592.45,4230.36,3834.64
1982,3034.47,3097.4,2853.6,3993.72,4106.45,4234.64,4669.64,3192.54,3445.7,4244.91,4069.74,4934.14,3924.98,3294.66,4553.93,3858.5,3894.97,4993.3,4490.38,4107.49
1983,2909.0,3107.35,2983.6,4204.75,4235.73,4398.6,4847.04,3263.61,3690.22,4375.55,4199.38,5063.89,4322.45,3444.58,4887.55,4175.74,4077.51,5122.74,4559.55,4325.69
1984,2898.53,3158.77,3074.83,4497.4,4319.75,4437.58,5073.08,2950.4,3106.45,4331.1,4200.58,5259.93,4209.93,3427.64,5160.95,4437.81,4234.49,5049.13,4546.01,4511.37
1985,2909.71,3236.9,3037.76,4685.85,4367.28,4548.2,4992.32,2997.36,3316.24,4468.09,4337.4,5446.69,4303.33,3411.86,5388.08,4549.62,4208.63,5055.04,4563.1,4733.37
1986,3018.67,3372.26,3083.92,4722.66,4495.88,4567.24,5061.56,3152.84,3503.37,4674.95,4485.48,5452.2,4406.75,3513.96,5621.15,4678.78,4280.39,5508.43,4585.4,4827.92
1987,3094.92,3560.91,3251.65,4941.39,4686.53,4647.13,5251.44,2985.85,3506.95,4859.89,4599.98,5474.14,4494.16,3572.49,5961.27,4883.56,4311.93,5732.37,4684.28,5056.78
1988,3107.63,3576.83,3331.21,5137.58,4844.48,4700.51,5237.37,3184.72,3538.26,5092.67,4667.26,5770.84,4582.99,3571.19,6231.12,5064.2,4331.7,5734.48,4738.35,5061.56
1989,3141.55,3707.18,3413.76,5373.14,4957.69,4877.51,5161.68,3208.39,3641.78,5171.88,4719.9,5789.77,4804.75,3590.13,6453.56,5299.78,4425.57,5932.57,4898.01,5132.97
1990,3191.55,3884.43,3426.41,5614.79,4998.8,4933.91,5368.82,3195.21,3668.2,5153.9,4763.94,5994.55,4798.61,3602.41,6846.49,5431.26,4580.56,6055.61,4933.39,5090.94
1991,3224.67,3858.19,3466.21,5722.5,5384.16,5011.1,5450.25,3336.53,3715.34,5244.65,4762.18,6090.12,4932.67,3638.65,7110.37,5616.96,4696.93,6222.06,5120.63,5172.41
1992,3348.42,3997.47,3665.33,5973.33,5643.78,5209.18,5501.09,3476.69,3833.64,5395.34,4955.79,6348.55,5133.25,3730.37,7367.49,5682.35,4988.38,6294.84,5320.37,5315.67
1993,3389.89,4171.75,3919.97,6380.25,5962.58,5344.53,5752.29,3570.97,4012.02,5917.92,5224.43,6477.84,5395.05,3764.21,7737.11,6022.23,5287.87,6477.95,5630.25,5765.31
1994,3430.97,4198.95,3940.28,6404.34,6177.81,5504.43,5922.53,3640.03,4008.74,5979.62,5304.63,6532.95,5776.85,3831.08,8117.64,6224.86,5485.79,6530.35,5818.49,5947.05
1995,3381.41,4324.86,4069.43,6407.28,6333.93,5450.56,6018.52,3641.12,4087.82,6135.27,5369.96,6526.22,5909.05,3833.36,8378.68,6431.0,5648.52,6558.16,5924.09,6053.67
1996,3601.31,4544.51,4264.98,6772.2,6743.46,5488.81,6187.09,3870.81,4334.09,6428.7,5652.65,6558.44,6298.52,3973.26,8554.47,6599.25,5984.29,6629.61,6086.77,6302.04
1997,3690.27,4502.11,4310.28,6747.28,6625.83,5585.21,6264.58,3935.95,4329.24,6619.64,5909.18,6663.55,6434.11,4013.79,8742.88,7057.36,5889.15,6731.08,6639.85,6474.56
1998,3772.43,4534.38,4230.88,6921.04,7086.96,5641.21,6347.97,3960.19,4470.35,6817.65,5981.26,6851.95,6628.38,3994.93,8899.59,7297.87,5976.05,6845.59,6957.81,6598.82
1999,3849.39,4564.19,4472.05,7103.92,7464.71,5888.56,6462.03,3968.5,4498.45,6943.56,5999.65,6825.97,6878.53,3945.01,9355.77,7487.01,6068.33,6816.7,7137.17,6806.23
2000,4105.86,4532.08,4504.66,6986.61,7747.96,6044.89,6733.83,3985.86,4766.74,7100.4,6221.07,7068.04,6995.02,4016.26,9379.14,7600.26,6198.9,7447.99,7368.25,6851.3
2001,4045.52,4542.29,4716.58,7042.39,7679.62,5858.12,6920.63,3854.32,4663.08,7378.92,6477.21,7226.92,7317.41,3984.38,10101.24,7960.76,6252.6,7399.07,7335.24,7047.92
2002,4189.12,4580.15,4686.49,7546.61,7965.18,6155.81,7067.13,3895.46,4744.3,7654.06,6782.21,7402.75,7620.66,3906.42,10009.06,8226.27,6419.37,7644.46,7561.98,7197.19
2003,4374.69,4818.78,4904.07,7976.09,8348.45,6286.9,7229.01,4044.04,5015.43,7860.94,6971.96,7531.77,7999.46,3899.73,10386.73,8403.02,6512.58,7788.8,7866.58,7414.09
2004,4611.31,5166.87,5123.83,8229.58,9351.32,6997.36,7566.91,4343.39,5450.34,8438.93,8019.84,8192.14,8637.53,4365.89,11662.25,8728.02,7005.03,8228.39,8165.36,7881.79
2005,4685.1475,5286.035,5308.6025,8684.806667,9603.47,7031.364167,7763.330833,4529.226667,5480.425,8585.485,8022.285,8346.855833,8858.565,4390.995833,11810.41,8743.068333,7035.583333,8308.588333,8264.5875,8181.543333
2006,4854.425,5446.181667,5588.7,9264.729167,10256.5275,7414.63,7979.406667,4776.766667,5611.799167,8788.013333,8504.76,8640.488333,9065.108333,4488.264167,12110.22667,9313.813333,7298.161667,8618.026667,8517.5675,8487.693333
2007,5136.085833,5419.8575,5515.838333,9730.221667,10775.8125,7497.471667,8383.2125,4961.316667,5747.5925,8900.115833,8749.150833,8979.141667,9197.348333,4568.0225,12424.85667,9682.015833,7393.549167,9095.5975,8623.614167,8560.210833
2008,5488.431667,5658.886667,5696.733333,10221.21667,11432.725,7764.071667,9055.868333,5171.656667,5864.501667,9176.263333,9271.259167,9410.645,9678.673333,4730.664167,12756.12,10143.55333,7697.07,9363.068333,8705.315,8913.006667
2009,5737.8225,5905.315,5757.889167,10694.51833,12001.30917,7862.675,9845.036667,5358.314167,5928.6125,9366.165,9769.285,9779.398333,9701.495,4960.0025,12959.32833,10568.20417,7746.278333,9737.878333,8675.218333,9044.075
2010,5742.8275,6211.814167,5794.930833,11159.43083,12456.09917,7996.220833,10026.93417,5365.618333,6401.088333,9576.710833,10265.15083,9905.9975,10055.455,5183.876667,13248.2775,11014.51667,7636.638333,9896.314167,8682.546667,9391.934167
2011,5829.646667,6391.165833,6000.58,11547.76833,12995.52667,8287.799167,10142.78833,5432.2775,6822.983333,9919.089167,10462.84917,10057.02917,10188.90917,5707.8075,13641.42583,11328.76083,8015.498333,10173.01917,8851.236667,9600.355
2012,5895.565,6620.980833,6464.135833,12026.68833,13387.0875,8455.835833,10661.345,5404.169167,6992.2725,10227.61417,10664.34917,10271.0725,10592.31583,5754.429167,14110.87917,11499.035,8100.1125,10358.9525,9151.623333,9703.791667
2013,5983.230833,6935.7225,6751.734167,12278.59167,13585.52,8542.8775,11085.79083,5432.69,7015.213333,10288.0175,10717.3075,10454.6175,10849.89083,5790.7525,14791.16083,11620.46,8371.450833,10510.11083,9819.219167,10108.87833
2014,6147.520833,6953.0325,6871.284167,12414.42417,13998.70333,8645.323333,11698.975,5483.525,7035.78,10570.95,10893.55667,10740.01333,11534.78333,5817.594167,15689.40833,11670.75083,8489.345,10900.84,10226.38,10347.45583
2015,6245.738333,6931.4675,6954.7,12565.76917,14430.68167,8830.918333,11873.76667,5543.666667,7073.244167,10922.7,10950.2225,11075.5825,11882.85417,5851.311667,16337.92833,11864.68083,8725.1025,11162.90667,10397.74667,11170.01833
2016,6277.635,7214.8525,7059.324167,13290.34917,15011.60917,15773.03083,12026.98917,5600.448182,7130.083333,11112.7625,11219.31667,11247.75,12052.625,5879.7325,16709.83083,12307.7225,9470.701111,11499.77333,10578.67,11797.34333
2017,6433.184167,7856.2175,7171.250833,13761.15917,15325.18083,9750.455,12005.62333,5763.675833,7345.481667,11167.34083,11181.44917,11745.59417,12468.77667,5890.45,18364.77333,12770.39667,10042.78,11815.1825,10803.855,11993.09833
2018,6592.978333,8693.8625,7326.144167,14384.45167,15777.28583,10143.115,12410.06167,5874.075833,7460.876667,11910.02,11263.95167,11969.61583,13127.93917,6028.0425,19097.93667,13087.19167,10325.83167,12054.20917,11461.72333,12222.9675
2019,6681.495,8885.014167,7434.0975,14741.17833,16421.46167,10147.23083,12426.51,5915.454167,7524.930833,12151.145,11442.83833,12050.3875,13066.23667,6255.9125,19648.48167,13338.22167,10775.34583,12367.155,12048.0775,12313.21333
2020,6749.950833,9151.456667,7491.179167,14797.265,16925.08417,10186.35667,12480.36667,5980.379167,7576.3425,12134.38,11660.94583,12064.45333,13092.40667,6363.375,20399.1325,13599.5025,10896.2475,12952.14667,12368.02583,12446.8775
2021,7414.966667,9930.231667,7943.729167,16186.1775,17429.40167,11062.40167,12958.59417,6608.160833,7959.083333,12693.92167,12279.94833,12712.59583,13637.48846,7017.3825,20893.54167,14362.87083,11807.895,13637.65167,13227.85667,12971.56333
2022,8361.72,10836.51333,8659.83,17627.2625,18191.72333,11811.95583,13647.59083,7561.846667,8596.6025,13396.9475,13079.08917,13402.87667,14135.56273,7888.224167,21628.2925,15266.07818,12501.48167,15051.6075,14725.6325,13699.70083
2023,8252.6325,10501.93583,8681.0025,17737.015,19504.74,12254.24333,14076.79917,7617.419167,9022.7125,13731.80917,13811.20417,14755.09333,14377.91667,7799.195,22275.79333,15757.8525,12639.60583,15445.20667,15179.67417,13739.35333
2024,8395.234167,10534.8825,8733.434167,17762.18833,20268.34167,12502.8075,14295.48583,7778.744167,9350.9125,13754.79417,13877.71,15349.19833,14719.38917,8070.864167,22354.06167,15797.6725,12984.52667,15421.84833,15600.75,13873.12667
2025,8815.41,10755.27333,8965.475833,18459.905,21149.45333,12719.7425,14619.04583,7624.379167,9312.97,13708.1425,13775.38583,15862.16417,16879.15,8015.875833,22604.87583,16492.50667,12718.97333,15369.085,15298.3225,14896.6925
2026,8730.4175,11324.0,9134.63,18654.3,22319.68,12947.5025,14642.285,7835.7975,9307.57,13926.3925,14024.4,15654.5225,17414.135,8031.79,23296.5175,16885.08,13065.0,15350.715,15195.9,15082.645
